Rzf35jKV8e8EJdssrae_AA,277
-71U5GVoAszVYqbwBflzRQ,20
-_vcdcTeTYp70lNsHrHljA,357
-28RqJIrddOj9hhMBnzaFA,37
-CJRBwU9PicTdiiSg6nkFA,61
-K8tRttBhnPfHfaJE1lLNQ,261
-LhU9PZZKaP_xFa_rjo9jQ,343
-NbeVN5tnwdyYAvdNkKMjw,2904
-Tj4e-zW67MXj9Z7-Zkzpw,833
-WCFrbKuWQLF96Yp4ei4fg,149
-XtWgNfuKeUDetM67dqd2w,461
-cbtUptKWKvTSp0CTGFaYA,389
-fQPzH-e-ubDIiLQhybEjQ,345
-lOny7Nr9_1CpNJYHkb65A,260
-qMOYANdlYXDDu4WAIsN3Q,51
-xO20EoZuzR_jek_Y3Q_zQ,26
-ydxAaeEUmhOWjx2HTA52Q,13
034cPv7513J_15IdRT-HTw,334
03FWBi8ackcSksjO1o2GSQ,2756
045lA8joqI1vPm0wLgZPKw,104
04J_q_VhSBItxNiEAN-gkA,1074
09T1oyi6c-9lvyt7gQCD2w,2071
0BcJ3TmeXf5J9-fB0hrA2g,74
0EFHQr1NDFi_50NXLM2f_A,540
0KjqHIouprEuBr_8A9BJ_Q,431
0MQmqOEJX1zuM2lrDsw9ig,8
0ObIfSgndeeR_kGlo1S7Ww,1196
0RmgSJgWsCOufPdp1lWLVQ,389
0SCScUy2687KIP80nrnOUQ,105
0SXnuj7ExGTvh04Wq69ZEA,10
0UI9KTPdtkwl9lMdMT-Sgg,332
0W0dVQ299geZiYnPZL4OjQ,61
0XaQ6vvgy5pi5XAaz12mOg,4999
0akzRgQvprw7OvzTGLYqqg,219
0gEDwhSUIWIBz23MbLYMig,930
0jJzijmMUYBck2ypFI2p-w,176
0kSXMbNFo7mdwTPj4iQv9A,992
0ltmHwUQuQde4me8DII0sw,341
0mKUbIUXOvH0cHcGQ1KGqg,239
0nwGxhxTX_1l0zchn5PBJw,263
0pHZKWkHsIhNtQAaOpafEg,5000
0qHOB3OdcgOI1_V7oSle2g,233
0zQtyBiwOnuacNuk7sJpxw,194
10ti8eKv0J5LMiQJQrVBTA,118
14UnRoEiLipkKZyQTmTfWw,177
15JHKEsyQhFn8j9Qabnb_A,83
1DsuFRjdW0gDA23Xswzoqg,151
1G2ioVP2reLd73NQroGONg,54
1HjDuSnndpo3ok56az-QKg,339
1K6hZMMBPusLvjtx11Y4NA,46
1Ku2uUPmKfOl5YhXiSWsOQ,143
1MhPtfUC2Uw0bU3ewkb6PQ,260
1WfaAbWC06QDnb59vqnEZw,380
1aIeLV989fcYInK6tPA8_A,45
1clfZ1trIQPZQL83K02HgA,29
1dZRlydcm6E5Lrz7bGnbNA,6
1hU0ZOWwBxUwAOtQeBxnvw,83
1hz61LyPjAYnSrk78PxFJw,238
1kpMAKRZuAz3OzxBav3XTg,3634
1l_O3VEl9TV_JjKAzzyz0Q,258
1rlB-SWvDU5TnDnym2qeDw,199
1vXJWH7L0IMEz5-8aU3SOA,4939
1xJwMqmvVXPwY7yEVQIc-A,594
1ziPC7yx27Ps_m0MzN2OxQ,642
2106ba9qOhFL6NPZtTwUZA,61
24AzZDQKHySwMQR7VQVCAg,309
25PeNo1zuVkjduF2xDg40w,551
289SzdKDnGehKLhprzwKwQ,14
28L6USaZNaVXbAe6khUisw,659
28hWKzmUh5AReXaOPkageg,438
2A01pWF9MJnywwgvYCOGQw,34
2HoYHTUjWfmY3vHruQlDhw,164
2KWAtP0jUJ7gVq_-5aSreQ,168
2KigmSMqEnGYrLGgfKLQ9A,131
2P_yBCP2sPksqCbQY0l6YA,14
2QM63ILdx_6SgQHs1NXKJg,172
2U5VJvQ17FtB0wAmpaMowA,86
2hkmJfEkJokK4U3me5w8aA,57
2mSftdwHt763gNs-l3kE1w,21
2wE6Q8i6-K2wtg637MnRpw,57
3-t_uaPKVQQmOUAIu7C-PA,3303
34Z0PGUc2_LcEYB1CPpHvg,559
35MI_KUO4L_fKb8mAVFwng,35
3TSzT2jnjUn-KRbaoxK5xg,464
3TcIyb1qhEqex0KkgHcpWA,47
3e6oRPYP6gkSLoFYc_WMlA,471
3h38QgaoxooCojoN6pZNUA,1256
3mhdWROwjuXm5RlH-VuwHg,350
3mjXVXPwVGwAKxoGR4Rxtg,248
3tkyUW4xtIsLPD7n1ZdXUw,178
3vM_Z0WbmQJWee7IeaPIQA,1163
3xORNxbKdd08LUf0tclx3A,294
3ywXGq4PyUoR_XXDvK_RIA,503
40MywB-9aaAPmqRkThlaWw,2003
40eYv0JOZLy2yF-QVsOF3w,112
43QXHMaGJX47S78jQoH5pQ,154
460PoNGmuFFKF4cJ2XQj9A,44
466LpJsGPVEVd4v6qeJTyQ,152
470S4xV3iv1Ol8K7rCPPgQ,31
4DaYRzOMGcn2zoWkHLNBjA,195
4FWm66FZu8t0Kp7lEUZFCQ,269
4Jvm9-FLGhTj-_oGFDcwOg,85
4KwOVJXpUVhZvCArRYaBbg,102
4T3FWxL_U1gg_81rfqW2hA,89
4UoDlO9zZhxbY-qbJQVLgw,63
4ZfcCa4m5RWvO4EFzfYm1A,2518
4fM5kiW-haOTm3SCPYgs2w,120
4rx7BGCpLwE9X6cC_IV_3g,183
4wQ945E9nqK1tXMevUpsGQ,21
55g1Q_sfCte_y9scf82_iQ,162
5AJRqMc0y4yYW-YEz3FEuQ,434
5CWOvZ68TCHd0taJ99SFDQ,266
5H3N-n2yn2gjmBDUT0sh0Q,770
5JRg2GK8ceetu5s7nKV1-g,3
5MlAXwINxt8WziA3hsJr4Q,18
5SBJbdK2SGAMc6g2rkFGGQ,31
5TCgTJE7uZ848zOEEUiVNg,79
5Ujdrr6RwPMjoZskZGj2cw,5000
5V8eXkTJb6IejJkMDaj_Bw,111
5WIJnQFfP0zbKJd4BYXVGQ,250
5ZjAe4SZmteJJELB5uWmCQ,32
5ZsumqlAUtKqBGAhGD2Gdg,163
5bhqhwynLQOXYkFn_hKogA,32
5eift-fFob9HXFqIET3Gmw,186
5ejKB5V2vsYjWPkRbT4dqQ,91
5kWLbT_Rs6SnskEIo4NpMw,745
5re8RQ-2-Mkz7LC4ftYfHw,731
5uiCy0vSIknuDEHc7yHRkw,117
5z5_yKnseEAVI5j6uqkPbA,247
673NJP_Y50edssESzMbQug,138
6Ff0vUMLQZJfan-faaB1nA,54
6GnO5Yn8sGnw3Npzyjgk0Q,38
6HUXGkyAr1pk_g-4KCvDJQ,727
6Uup5yoodhI5upHNaPUKVQ,1860
6aSVrKFKo8GyfmU6VmGYTg,172
6c3ir3aHdwrYAEGwtc0cfg,37
6gvWy01EvieVIhMDG99dFA,513
6hndiawZR3d_5gmEvMCm1g,52
6ivJv8CULVjEqNhJ7ubwzQ,25
6jEeCpNEU9l8CT9X566Oog,371
6jJSCNe91scG9Nrn2u0oNA,708
6n2qsZbEp7o6sIGyKPHA6Q,2
6nSiCJdN82kitlB7g-nFyw,129
6p1NDChnIpGl29Ce3cMKWg,891
6rGVoAI0Bl8ZEbMNJWOK3w,637
6tDMGnbO4m8ENlUvG7r0eA,553
6wkY6tallaEQ-QDOFqZJKg,981
6z4HksINc9lcwhG5p9yVew,72
70RHWX8X72vOBBFWVfsnIg,494
70aCUk-YIZSasoHfoe-LVw,339
75SakUx1Oetsl0zVsZTFlg,387
75_f2QaIk5V0MSItzil63g,146
771OWzbzelsEeSlx8QsfsQ,42
796_TY6u-ShEox5DEgckmg,157
7IJ1bG1pNgYUlWq3veeplQ,1706
7O1_x_3IlgjpY9BkiZ16xQ,257
7PtUMFXJKOqGxblr_jCgxw,1663
7Q6nBHl6NJ9gbJ900FkkAg,548
7QVNLrJDkjsDsCtODlPdsw,278
7QuCyJ-pseicVve25_jHvQ,16
7RRd9dq9OF1PDlQaVgRWfg,142
7SFUWbb33dOR8lmO51h3dg,446
7SN81BGKQSWcH-y1oh1k5Q,369
7XdR2OvFXBoOmQ05pALzmg,1205
7fHmEe2V87xvN6MAEhFHJA,256
7htNlgzsBizZAgF2fzogbg,273
7ioZgTBAZF-v3mt3hXw0cA,81
7n6s_FbFKGtjdTRzCiflwg,34
7nGjCzVTDKTnbRv3gA-TMg,1000
7pi5q0cT60nBNwlHV0wLKQ,729
7sNE58P4AvsX6QHE8ypCiA,248
7vTfFLJa3TIdaqsvxjeCMA,1751
7xkmwIlALFCXkFKQw9uDAQ,137
8-VlEyudaPU6z70Mqtb0rA,110
8-_5rZOOirVp0P4Z-wFwIA,78
83WYfWd0ranCKG7LtcRGtw,73
84KSritUScThvJnKZfH_IA,12
8DEyKVyplnOcSKx39vatbg,4852
8DGFWco9VeBAxjqsuh1aSw,882
8IHSMAQjYlukgj9lfn8nZg,89
8K-GdEg3NZ8LS-OiDh3L4Q,447
8MoMISpYDkyLEs5Wndi8hA,5
8RgOu1xfIYeNHTWtW4FaMQ,258
8SSaCgmvsztEOg2CqeXxnw,59
8SgjU2fID9VqKQooFt1DIQ,1960
8UPTxp6SXvQe6JoEbEGcyA,398
8YaRW6wCKTm12Y87vdOp6g,462
8ZLFrtsQMAewN78rcjNsZw,30
8aSgFHQTJJo7CCNUUfOffg,257
8fRiOin5uoB89dn0-XG1Kg,123
8fU6lsiDxgu4E37aCahIuw,76
8j1zXO1pyqmRWd__gfhiow,398
8k7hzoydagrpUkEP5fkXMg,13
8lL-554wLEOxCrroFa4aeg,137
8raEqz3Z2V33ysFmFoN-Pg,128
8wJUU3JjQAiGQUTFEO_nLA,230
924J0TPcKHI2Su2USA89nA,5
93xP2AH8stTJf6YALb9usw,94
98v_f4MQhbAK-SKeSATEEg,340
9AB3-Tw3DBfuEIr0HIXSpg,834
9D6xTlZG8OURCLKvGI8c6g,50
9H_23tRQ8cNFZJcIxeimRA,23
9Lskp3870EP6fGbI9V6ZMQ,209
9SiMC8YFsAZi1kZ-cyxG6w,164
9Xec9d55DdOOPw-B6FOcvQ,449
9YLROKnskYk3OVZosiwC7A,293
9YRFLVFVbHGAJ1weFx5zqw,1355
9_XVtOi6QHd39HK7-9v2mw,132
9d52DhEbJQ1w5LXaZw4nzQ,167
9eBr3R4ojLGQV5GtB1xpLA,61
9hXN71rkjjtHQ4rR1jQV8A,130
9kqUhQoYxdPoHiSlIPwNzw,68
9qRjoGq7lo8eM6q2jtzekg,214
9sldtsoM9MFEyPEss0L9kA,113
9uE0smG2bwgkI95RPj0lPQ,242
9w4vI3LRTA4JdJyzOxeEMw,136
9x1eDg8Wuc6rJw1HtIVTmA,1771
A-isFft8leVBNBGn2O4BiQ,525
A0j21z2Q1HGic7jW6e9h7A,2229
A1nqiFHax66tYM6L4wSwGA,42
A3T4Og7y9a-CvYkRkSPr-Q,105
A5tBxUgSieBIfjc3nffhHg,63
AGm0ij7gr0KsB34LDRInNw,66
AIHzJz0AvTq0FxCLtBhOZA,367
AIhfuFmX62k7a22gXXAB2Q,2248
AKXqbuifvfvNEpr3Qs51hQ,201
AM7VG2GIXUs9pubmeRs4bw,137
AOlLg-7Ktg9EbSuW8L-Scg,130
AQ0fzH5a2Vv3EW8jZiDffQ,4
ASvjSBCYRd4GhOtSIn8Gyw,535
AVg2q0mkiS4w7iA9BYTt7w,311
AZqGjWvPqvnSb18_0QR0aQ,30
AbMjnKOwg736fcIu8apuyQ,2322
AerT3yYmbH4hgUBgo8n4TA,135
AgTkBCxuinzStHNRKyVRiw,1188
AgzHzIzC6ZHTKgker0egAg,871
Ao7VufaimxISRa16MigJDA,226
AvSynsN0GKlZUPR5Ib1PCw,153
Avc_Q2rDswfVgCkFnd-q2Q,180
Avlw4sAK8uGpcQY89Gk0Tg,144
B1AnBMTvBn48JPYCOp1G6A,274
B41_eAci2W0WrdsdGKy2jQ,194
B7AjB8W2BWJtXPjweJs9pw,181
B9fQWv5ZwyfPKMXDQl_9ZA,4469
BGO8Z8F3VK0HuUQeIy9h2w,51
BI43zsVnKZHtMI_4GBStng,299
BIdFgt_4owlS1VUcTuZ4fA,356
BQTBpw1wXc735HUHCwkqSw,8
BcDoJ_w_IC4CpwM4qe4x7w,74
BmVfMUCxVca1x_RU372qPg,216
BxV2pTVmYCW15gSZAPMFKQ,480
Bzbna6x9SSYXd3RZem7Lbg,151
C0wYNEKo6bfXwSoGq1QZuA,154
C7elrPIBRxdIcedXv4SI0w,858
CDxHUKviwRdzYrLF-s2TfQ,3
CIT2QNZ_i4DGjTVz_SUieg,1079
CLmvJN5a3l9KutC-nF6LzA,562
CN8gwyZCygsLBYWHKqHENg,525
CRPzoyJFOC7d4Fkx0A13Lg,131
CYr-lRWMpeJzSSsjwu1Iog,867
C_CX6JfJn7F6d4CpnSTBAw,139
CbJEEt3Wn1-uuCxlVPChNA,227
CcJAs3QyoPdnTTKKpsbA_A,184
CcRfRjqvHkMTWK7aU4bnPw,3631
CfFX45y-8nuZkcOSk9SZzw,78
CvhlqMRs97TKlYdNzUXDGg,1620
Cwkb0lYxcGk5H4Yg2zMKlg,106
CzPjZTdiRsNHew882g4eAw,86
D-y3CkTqg0wC6i1uHJE6UA,70
D2oOQOXxIWVNA9EuAWoCgA,481
D35Xvfnd2IMRskgDu03r8Q,1408
D9patliQtlm646P_fyiCaw,487
DAeC-Y66n-jNMJJw4oAfNQ,946
DFySWE0Q7sZ5XMYvfuCPCQ,59
DKYeblfoYiXyVwNz0L4SkA,28
DKdttAvXagfAfNFIKeApuw,186
DTycKZN1dTgj1cakXFn3Rg,263
DUS7E1bmqBF62iQG8RaRuA,385
DWIVhUSb1UtwM66BNSwBHA,218
DX5hTHjdZmHnUV-7oGnI6g,302
DYeLOLoKGbBqX7-VvAVqrQ,23
Dd3qsYRCalfO8zbx-ky9MA,190
Dd7il0sfhcbSvDst6pg31A,114
DmdksmfNKLV50R-8Rz5FgQ,1015
DtmWOwTlmPxditVPQ2k-0g,11
DuQADpv5b9HapJ4OySWClQ,37
Dv6l8LE45Pn2prbyXdh7DQ,68
DwIetk5y9m6AypCjPux6RQ,723
DxV0jf5RQ156H_nKAbnHqA,47
DzglYnezufQMqrwsppQgvw,269
E1zjApNBa6xIdxRs5_UIWg,329
E2HULk-mBHVt6Zjn-NWaYQ,208
E6mMNnlg8btB-Lz7b5BovQ,54
ECCC0H3x5WJCRNwsT0CkFw,185
EDuAc72YJwj1-u3vWp933Q,30
EH5oHRewX37_Rzz-7fdRnw,98
EJ7ZhRHsMWj8du77LX34gw,431
EV6-TcSMzKURTpkMKCuQww,121
EckWjCrPWekulzJB0YwVaQ,370
Ed9PYwm_xUNkqCnmVvgMLw,664
EnRGt9_n47HgQC3aBfYpkQ,157
Epu165O9lGjvY6QTJpDp9g,1277
EtVWXOA_rh4IJ5g0HqZ_2Q,43
F6NYWtTaKrpK6itMLGW8tA,8
FDcweTC3ZT1_ZdZVCMmZnQ,797
FMvKU4QqiYdVQOtuCzkhyA,123
FOmaE6lFWFri8AQUbYTyvg,100
FSE38Ejcu-oJSQNswC0U5g,7
FVxKH9OEG9K7ee6nqYoJEg,395
Fa6Lj7T0z-FeaUyjNia_yg,19
FaPrtK-SB9sygQuxndPm3Q,802
FaYXjGgLtetpCCiKmEsq9g,825
FhhP289FSze-QjKhJVkqqw,201
Fhv7SfjLSK4rBz1KjqB1wQ,52
G08ooJYXO89nBNQ7QWaawA,4997
G0jy3hldFyLBbxtMoF4PkA,217
G10fcUsnR5j1ptvYW8oqjg,71
G40odYEY9J4iWOZvfRT_xA,198
G7vL7L42Vzr5cDPXeLpXfA,165
G9Vb6yQ047TC3O_-GG4WZA,4913
GArSorY_bjEaTuhqQ4oz0g,38
GGWjA8v479feCo6OPTLQOg,4610
GU1q-q91jveeQvRTmoEywA,4
GV9FnLznhMCSolB9QNbWjQ,199
GYl2LQx4usZFHzImJOhDUQ,7
Gc3o-UeCLQOgVQl3Uteacw,42
GeQ1DnYMHHdADFQ46GDtkw,9
GiQ2F7ociTqGTrcL6kLpAw,59
GjsigQBYiblsto3qgZXyGA,64
GmYe7X1js7ArVjFWP6-sQA,2250
Gppf1W0Bk9olxs1vplhmUg,1660
GtfGLpiSf2SpImBdkyeBEw,131
GvQ9yeX_O771jdBSDLRoSg,64
GyzIYH4hqTVUiDGqXq29zg,51
H97GkPhORumnVZkeJHr94g,106
H9o1UVTXyTpHb2YhFa7lpg,679
HBLBvHfpPnM5I41Mi5KFcg,138
HOCfN5-0NhXks2eE8wF8CA,44
HPXtvbuab-el_xUQkbcpYQ,53
HQQi-SUUCMeGV20F-42mNA,111
HXyN-DMrwbhckKW_-Iku2A,1190
HYQoxBC1y1DGPq6pGP09Tw,1910
HYintDgCgfX6FuW5TU78wA,628
HbLdaNIJJQAvmBH0917BWQ,4999
HdOMMT-x4R_HRpSgjRnoug,141
HgRnXZQy1JMtA47z4JVeFw,26
Hj20fg3vyzKnJwnLn_rMqw,62
Hqz_L-q1Ax34ihdSMIyB4A,272
HtCPdVujYJAZF4FKr-C9Lg,1312
HuBgs7uHyUz7DzcaScZqjg,5000
HwwlR0N6E3Fxh9xzLRAiAg,8
Hy_ydmF-ectv4LXmJQf1FA,4
I-02Mz45H7siHsjjgVxPgQ,3702
I5ZsSESQutmB9H6K5e4vBw,68
I8V4a8Tg0Vk2ciFqGIEZaA,31
IBZMvu2dTKy-j23qCJgVWQ,352
IKnBRWz1Xl4OpCFtk9HcXA,889
ILSDjpvHmVFcPVmigcfYFA,21
INEW-Oc3ENlyHsO3dYQu1g,8
IRvhSylh3I8t09k4dLuO1g,339
ISNbZn_lBKP7w1aGGaVyvw,158
IZgvfBEnXA8tvxhAetqfhA,5
IZycvsMgKUcSt5LdMhWZAg,7
I_51hkFtV8Bbgcrunns9-Q,174
IbFhy7j6YkV8VViCsRYybg,910
IcD0qmkAiTT0QduPRXNjWw,53
Iez2R6GUTeLAJl9ozUTjlA,94
IkRib6Xs91PPW7pon7VVig,561
Iqfc_JtaStZwPG66WsBkLg,456
IvNQVM-jzqltCXfK7-pGDw,193
IxB8uybfnHxuALjnArSCtg,4460
IzB19wboHOkibX5-SZb_Xg,1170
J1yNYAjojpD_KpocG-W3KQ,405
J5PXfhl6mo7vYeuW9lhZzQ,21
J9c0XM-wV_KQmtZYxvIFFQ,1679
J9iAIjPD_amrJnvLHd7dyw,46
JADdo9NEeO5Az9aOYbyvZA,2418
JIUgcYGvl9PVJwV4QIn-jQ,107
JKIkdVqAJLEXTq92gF98bA,925
JV4mCFFKgf_AurjiAXqq7w,145
JYNxkQvbCKTFehybN2zH2w,118
JZeQvFW0iWFnzqJsvFMVXw,385
Jbp4qtrPnS_YYlFrft7S0g,50
JieJ__7UnlQn9Jz3vjIjOQ,63
JlD8asiXfY1CoGy3VHFRlA,160
JmhVFueYvJe0CsUddwuajw,720
JsRpdJWiV5QAK0nDPHpk6A,140
K2tK3VYPGpsg7UQfOxmHXQ,191
K73tPv89_EWRs_oo8HBn7Q,1884
K7UyFiWPVC_O_ZzZEn4OsA,614
K7_AmDqYUIGYN3togdDfFA,22
K9xtJk9aVU26_JJE3df-xw,16
KCUFGSlK6lX7ZSlwTbtVZQ,718
KDb7ej6DK3D0IKS6LuUZHA,269
KGsXnYHvYddGaL_jyl0DMQ,747
KHbe_wTBW4KHcjDIs3mHMw,96
KIEUfck5HWQ-xP0ClWv3zg,65
KOWl_ZhqhYqY33-CbaJubw,863
KPsxPoU498gkEgCsDif19Q,184
KQMzfaaI9jfo68S4CsCifA,886
KSGwENNZGV31tmcDCVv82w,11
KTK_ws8lu_TWfR7DtDWjMA,816
KTRjNDGbBGg0bBmgtpN1oA,73
KUTTubStiNYigQpi3L9-3w,67
KV7QfMfbFbHm7-yDkCd4Aw,29
KY1-bYkbLOeZN8sw1AOaTg,85
KYtrBL_Cp1CudlGC1XiiSA,712
K_LNV7525p3-HsgzhDx8ew,73
KiBeb8HqHzML6yVgMmpWkw,107
KjXGaWhQJQCi-MQQXwP1Xg,658
KmQ_CaPWlNBuaxrwVTZt5A,203
KpkoHv3Zp_Ee3qzJnEo_ZA,19
Ku7l1UkMmXaRj-vdb7GadA,998
KuSa-rzOQF3rnqpsvGaZ5w,66
Kzp3q208Jl5eyQYVKg0W0A,52
L1ETgnYlR_NINkzsRtxX3Q,245
L8griBdNlQl-CZcPfQbibA,29
L9ctmOPZFQDS4CsIWs9rxg,99
LEx8nCZEsRoQKeO7N2UCnw,30
LKd2xSqWs13tvkcxy1_9Gg,15
LM6pxbcfdyUS8M2jWoQk1g,830
LOx6CIKwtHocXSBazG3aCw,330
LPbpq2mlDxHo_dDObvIH3w,3392
LSZknLO5DxHXlPx41qvJiQ,14
LTWwc5SMKVd5UHN7Y-sxsw,79
LWinqJdSeptUcP2jPvryhw,197
LYr4fcOeTnEFpS6xbrwUHQ,97
LbJRAe7WBzZVjp5jayPFqw,204
Lj_hJnwA7GUrkKeLQFqSQQ,154
LqRVy15gfCPfGNvyY7HFwA,132
Lt6q_32Z3ElAfyoDs_lEyQ,32
LwFzkyRxpwS8KU2qOaRcuA,19
M-gLTsXvfDkSoTmwiFZAZg,333
M1VwI7KiTw--vGLHf9NSpg,8
M26ppX-9mst9ztk5GFmwog,16
M89EJsHSB3qCfmi3QpyNfA,278
M9rRM6Eo5YbKLKMG5QiIPA,1058
MB1M8oSlO3ANGV5PgbXm3Q,47
MCTmcFSTp4Xewa5UM-mbMA,502
MMf0LhEk5tGa1LvN7zcDnA,862
MOKG02vMLnzChSJKcx_ysw,508
MPGqUhAsmVEHq9k9X6VZKw,220
MfknWfoPx2oilsyUK3kekA,3438
MfxdEmaH-0_ITpuXU4Hgzg,439
MhOX9LhwUlabGWUvF80wcA,65
MiALWsQL88BzrACF8v10_A,264
ModyGZczPnPEs-770RFBvg,15
MpJyuTT1_x6Unx11DKl64w,368
MrKgOgvLy7o-zp_C6E618A,274
Ms8RDCB1s_Rs9Mo29QBkwg,202
Mu6wz7_d6OBgRqkl4_NaXw,844
MuD7Tdht8VoN4YJpNyjlcg,208
My2MMG2V6R-Fpdb90lpnhQ,1113
Mz3ZAFChRgBMgaaB5sJU_Q,87
MzL2FOFRYC7-TliJbTlIig,258
N315IbKoVEyV-6ezTW7eoQ,70
N7E-CfqdME28dakWdEKNvw,318
N7cvCNLlMC67s1GCj59UFA,7
N8j2-22fGnRFDXGo16pNwQ,386
NEmMQOldk1_KBMvIjMlgyQ,897
NGcH1lvIvrzgzCTPca3DEQ,1317
NGs1eA0955_qqQUhlQ0UgA,12
NIWZFLO7ROhl9enoAC_PcA,25
NMmu4oC-YRqdi0WY9pV78g,197
NOUfyJW-BAo_-Cbfo8edww,2384
NOjNqPICK5DEp2leB9suYA,1265
NPYpeD0kKKuDm-TtmwxhHg,197
NXfqYT6p3F9_-z2x0NYlkA,38
NZOTHK7fVn_4L966mk25EQ,4990
NeJLklFT4Ohig0uW9719bw,138
Nhm9A07I_Fv18IYKAoboxQ,149
NjLRgbRZiwEIMpAgXypJtw,154
NkVYcoaThHjOfTTgq6OdHQ,860
NpO0alALTeykMh1GmJfxMQ,75
NqlkQqUqgnzHMxn-lXq9dA,351
NsegE9Mqm3GCQeSx0v0tYw,163
NsiDxcM3u8ne1Q1q8uXz5g,35
Ntr2fPtU_IFxpkepmimt2w,638
O8PnMOSa2Mf4-Nkyl_qVbw,72
O96xqRJ8NghRgWOjDoPNXw,167
OBeon38Z0GnwmYKs4AgTYw,477
OJk2K1_R5cFd-UTjeailRA,104
OK0bfJWu_yMCW2u3MncjMQ,106
OMoBzr4FhDkk7yV8zYtmiw,647
O_GWZZfQx7qv-n-CN7hsIA,2563
Of8-oNdY6ye5pVIeHFlLFA,965
Og7crXafAfnJhGmuCncDfg,386
Oi1qbcz2m2SnwUeztGYcnQ,4358
Ok96HqpZBCP_5D3XJZhskQ,282
OpRzZq-L-PgCzApGt8XdLw,949
Opk8dTyMY45whGAERNngIg,40
OvVN3ncYUGOhfP7aZF06Cg,130
P2sQVHyHmy4WA0I7NI5hWg,417
PADEOho3HSERLJEF3120eA,408
PHnMN60MUOHPsMvrO9AUjg,1
PJ4y6pATtHsuYJjyMuTrtA,6
PUx5KWODerm6IzdfemCbag,3812
P_zJ0bvns-RgGdCC2sNi2Q,4726
Pb4vnT1S2OUD6yEyuJQYBQ,586
PeLGa5vUR8_mcsn-fn42Jg,1695
Pj011k3vT3w020RTTGkutQ,22
PlAOOZs7y7APDtXWHiWvFQ,244
PxdNz_bdC5brmdH-ukYHrA,41
Q1IfxN4VkGP0qVJj67rNdw,35
Q2XztoGmfaoI1sJdiyBBXA,456
Q3CdFoJNsMvHZY_jelf1oA,3
Q49cKvHDmSiRGIk3Nk0qCg,71
Q4ziRHRf7gzEwTf2d0Zecg,2623
Q5ooGd4NbkOi_jhhIdbbTA,189
Q9NlyapDA97_NA0qaq8w0A,38
Q9mwa5YZO3Rp0Z4KiEwImg,15
QD6B9jrHUK3ujFkygQaZuw,75
QF1Kuhs8iwLWANNZxebTow,361
QF3FJ_lLCGUrYk_vamsRaA,535
QFjqxXn3acDC7hckFGUKMg,5000
QJI9OSEn6ujRCtrX06vs1w,4672
QMCh0p-nqjGCp5f58f83aQ,27
QSA05SquUKJZnxasypxvjg,5000
QScfKdcxsa7t5qfE0Ev0Cw,46
QTXeJ0TmEoeb2nRUemWpZA,834
Qa2NoSc6DphQArihBgY9Gg,507
QdFY7r2ApvLCYEDvnlGG2g,191
QdfFtp430K_-BP1GTPNnDg,2744
QiVKKSaxsYj5-v3FOGtD-g,201
Qm9bvZkOIjn4GeurJWoWOQ,170
QnO9I7wLQzmUtM865H-tCw,479
QnZs7dt3fEBbUyb6tRXqqQ,1037
QocP49nZ7Fo-4Rp_QxPuDQ,877
QoxKBUXztagZtTf7260uJg,475
QpU0-aM0jL-AUdSxx088Rg,341
QuZbJquRtbY9O9JrB9NpxQ,693
QvyujLggHLd7KR3uYKo3VQ,209
R3jMcisnWU-gjjSXgWNXvw,305
R5WcogaoAwjdHxrB2v5NsQ,211
R8XGiSYNv4aTzy1fHUyRyg,27
R8cvfUPw62YykBsJbEeodQ,289
RB3_GtWgvQYTLu3bxY2-VA,90
RBZ_kMjowV0t6_nv2UKaDQ,3166
RDZV5cfJRE5Ocyl67Mm7UA,255
RUMzmM64bNGfKw8Oe_Q8nA,1156
Rf1uUYS3gucN8NzoFdiYPA,4
RmZHH5ThXjfDLERWuNBwTA,203
Roj31A38ejWdXHet-6O2ng,274
RxYFAupELc9Jcb7SkKlj5Q,113
S-o3iFv-AFdgE4FXNMJ1Kw,29
S8sCN0kvVRwYf9_hUUeqRA,6
S9Jw00eZHVj5_0sOM_C5Rg,36
SAx4GEfTaUZgMSm1xTNB_g,318
SGuh6KBUNF34sdTFaJntBg,1967
SMcA6UByQkgTcliNObM1-A,75
SMuYJ9REz5IIgNYt7qwDXQ,285
SWssGoA70wb9qq07DEgvAA,4996
SWxprVt5F6dsCW-7fxXv8w,82
SaNDaz5rBQs-5gyhOkO1MA,168
Sb4aEQHKeVLxHnQpKdETGw,1176
SgiBkhXeqIKl1PlFpZOycQ,167
SlmtW5_j_C5Yac6wPMxOnw,1259
SnMk13_FIO4T_f1y6YQLmw,464
So_8lst9XXpxI_-itO4jAA,51
SrF972IxsELYQ3eaWB5X4A,596
SrjdXM_IpFlg-pW7i5xDrA,175
St-BJl91Y8k1MUborKBRhA,4200
SvwqydYYKQGPaosBzXi5Pg,51
T0XX6C5mwpoGIpFKIAXv_w,91
T763DnqDps68STPygHdczw,183
T7wnSWiHcRtjlPjXytmxXQ,3
T8aFaHPYNpKxJafp9Detvg,6
T9QzRoP0LZYU7yar41Q7ig,8
T9xfkjF1R0a_fIjZ-7Hofw,84
TB6HlD5MZoLqrbXu2TIHxQ,243
TGdnpYdQgPnKAd7JoC37pQ,950
THXdIY73jWmzYNrYPp-dIw,131
TOCQetVHAaIrH06T7f3LEg,87
TRiABhKTXVNmnqXy4DP5LQ,55
TYCkjEHPSJSnFb6m6GDluw,250
TYRmBtQs7DCHFPr6jGfsxg,975
TcZb84XIAUDKEMwllrz_5A,28
TfupksZpPyOgD3gqaSlqgg,40
TlgV82AvHhcNI8UM4s3Abg,401
Tsm8VraTp5OGyVALtUiCeQ,133
Tu0xZqGMIbJ_RrV4S5P07w,289
TwPlaNvnziaN2wB3lk_9Mw,5000
U2mvQs4GS3FMgMwUqCHhDA,135
U2sN2-HGvh27FyXKFlvkBg,214
U5DvEQaAt6sBUWI24EbpXg,11
U6uu-RGVDrOb88zbj3Wb5g,253
U8m0BamO3PIF29QoLjGFhw,105
UE66GxGVc0xjmT6Uprr_fw,261
UFEa58IGAoBECUPIsId7rA,361
UJZ4M8qQSFmQe5o4deb5yg,620
UOMSN12IGpju4sKwIJQE_Q,2702
UPxfIIlTdGfPFqcNcjuYyg,217
UaMhP_zRr8jYuWt7pEGAkQ,33
UiRx8jyS6H957ItwFsP2nQ,2108
UmXzwFM2OkZHWJ5cJZlqkg,2140
UmxLOyRme4Cs8_0i5gMzAg,670
Upy0KCTriUzVWMtEzrfsPw,85
UsAUtt9CggMWDNlpa91TeA,1188
UtM_vNbOdUpkyfmaWjRqWw,157
UvSs_xMOgi_9eVm4Zkp-RQ,12
Ux6TtHoWVWLebuxO5aOiTw,24
UyjkOHS5Efgzli5oQXSR9Q,288
V-t7jfGjn2CD2sVBIHCiOw,1537
V0SV3KSaVO7YVY-1pgBnKA,1086
V68rn22lRmVslIj_0yLywg,6
V6hd4L0GiO1uY8ovsywnxg,511
V7TmHIFIs0FOxa3FVoBCeQ,46
VA2G3pnufoiyNVzzT9W2qw,161
VAPMLnx9BhbNTvEpRKl8fw,142
VVDCpOlVCXpe4lPFKEdU1Q,389
VYqRk78kesHn86jPngPUXQ,103
V_YI7r66n1N5DusFQu5E4w,6
Va_28kWjVWfLQIv8m5woPw,64
VbiP9yq0hz1msTATlEQ-iQ,27
VdGROLLl2il5-gXmdKkUMQ,1669
VgjMcOZGwAIxTkP9mon1xA,71
Vhnc3L_W_b9v-BDps-qe2A,9
VkvvWhZwsE2v8XYoX3J3ig,116
Vmsmf4i096q9feBgp4CuXA,244
VqgEkhcrqEbaxtAB7iHI2Q,2120
Vs6xuiiAs44KQtHRP9ukyA,98
VtiE3eXNYtH-tb0aFCF1Pw,1198
VvZGul5hLbYcicGOgYLZow,1
Vvp_ijm5dakGfkV0oHYQzw,230
W-OZPeKh4R0GlywUsl09PA,1360
W0OEWOw6pU4xA5pCpcmtlw,28
W0TobKzkaqtOZpIe0CrENQ,177
W6Wg7_qRzpnY4sZTyDj7Tg,230
W7ugM1NqQeB1Wj0DYE8TYw,2537
W9MPolPlUiUEXYfGnYiHEQ,197
WBp6Mw23UeQjvkgb0FTIrg,378
WC2HVs9uqrImTF9N4S6lBA,473
WFeiOewAh8uJ36FkqY2cjA,398
WG3w_73scm_JUWJ_3Lgn0Q,3625
WOWnFwvuu-IFJaA_oHwPqw,456
WS0MJ6KbYFuz96oeQ12VLg,37
WV4GDw03MXZLeX9BnDOyeg,77
WePP4Ki27OtiFO3s7M-ZzA,9
WhFVfdDNes6qywPH9aVf_g,47
WnwpWcNcJhHi39gdIUfJuQ,283
Wz9LLd-P8UDNFNqxKuz1gg,316
X4dULKG-TCjkh0bqXjJlFQ,71
X6yohw0GBUVM6KwziALrVQ,10
X95kdUjJvIIosMci7zzf0w,172
XEHZoTDWjw3w-gcQyYIe4g,1066
XNSyl47aXuPsvC5zXm5uhw,119
XPU1ZfoxpKInC5tp1XtwYA,235
XSCcCjfTTg7JWAE7xKU-_A,2631
XT2PFiGrgNwB5ZmgbJlelw,76
XiZKzoTV5hL3FrJOQeTozw,55
XiqziC8skzXUSc0UdNNdAA,275
Xj1gbl8Fur0cwbjz3pBBJw,63
XsUHLtb7z8cLA3XnN3V34Q,55
XylT12exfdLiI_3uDLVIpw,637
Y23SBn4koyCKSwTwp5AMug,611
Y6rQQJiVHEn_SuScZzJSxg,173
Y77xU9YWOxqPT4NTaMR7-g,702
YBYMLaUJNaST5TD6OUBr4g,292
YB_rmiiJz0lsMhRJuAQuwQ,218
YHr-ijGyWQg3hsP-sEEl4A,535
YIhqq4eNpezknV1F6fqS9w,1
YJgEdOIKFoSk9chE-nZBgw,9
YLlFaU_I-X8ohe_DYeGRaA,76
YMwxY29MHCPsibWF1BT3Eg,113
YXXErVRcfaSiQ2qHeb82fg,48
YZpgPOysr6gulPjUG_myXg,194
Ycx7v4K6bMWOet6hu8r5ew,94
YdS7NVnEhK0gTypX2kMc9A,121
Yej5B4nd8PqpHMQcmCTDrg,452
YiYSJ4cID-_y1GVov-XqjA,208
YjNGT6WbkQ-3tgDR0qgYRQ,69
YkMCNI3nVukPL_PIztHZJw,193
Yo029wwD2HsarvhfFXNVtQ,8
YpGt3hdq5adPlEFn9fQ2Zw,240
YztPBAV6L8e0Te_3_Q-PGQ,297
Z128ihQea7BLPh2T9q9sKA,191
Z2JViLOEzLfCnsLwOO1-VQ,207
Z6xQHXKPW12ubLxMFx32eQ,200
Z7wYV7NVNAH_B0eE35d2wg,99
ZJhkBPdfEZho0-TE5FskQQ,44
ZJySd3ex2aXohmOvuTivqA,226
ZLLM3g_qVmpogRxccigXLA,2
ZLnmZ9eQiobM-PQ76Y2Riw,505
ZR_73l8VFNNsyH2VazMGKA,16
ZasbKcz5G7roWAeS-S0jzQ,42
ZdhnakU9CIJSSUdDAvVm3g,301
ZeiM3Uspn6CUThUBt03JSw,286
ZiM6tM8stl-daULB7zBl_Q,668
ZpUI9ze0YlA6nMSHwx3ZYQ,1695
ZpeTWWuYW9tMeVwrObom9g,58
Zs4eTFpisKysPn048kmpnA,77
_1WhGcJxUYWkvrbGSzvV_Q,27
_27cALGoa60NEp9TF51yLg,659
_9xjJQ5CFZPNcH3Y-cDB3w,108
_D25AL2bbVQNOJLOrdk0uQ,352
_EWBf0HC0imspcMsxft3rA,24
_IiWfxeweP4p5GhvzAUQ6Q,35
_JtcWGJftyBWC3M4DmUUnw,43
_KRvnj00g0GAOxJeUURTAg,122
_MDXDENrg-pP0UE-iqQuPA,11
_MfDEPReN7cP938rXqkJEQ,231
_QPSOIr1qtFSgREcsvzRyw,339
_R4KplBG--Wu49OEAp_UAg,183
_SVfoi3YUFNHswsfZUO9mg,848
_TCk2jVi-Ovaw-wYICFQog,908
_VfNvQQWOnoafilv6edsKA,53
_W7GXF-Kf_prAOCSz08Caw,650
_fwB1RkTfS5WzUT6QvYF3w,378
_gPl65VcUctqVTqNVsAOdg,37
_zep9BtsDWnmoisyGApifg,283
a21yEFhTXEJImb9hGl0JyQ,1262
a68fTwBqLwYDp80ZPQo4NQ,2139
a7-GlssoefaWFaIn-3q7Rw,86
a786nXAME5XZ_JJEAlIRIQ,68
a8QNaErKMX1GTPfBPaH-bA,1115
a8XQk3YbBKBgctzszG_3Ng,151
aBFRYTkVbkA7wiB4q0OBbw,149
aEb5K81mux5hl_b8dex2rg,18
aKFo8_IDszcTW7sThVmEGA,150
aKpDxMoGOZWETb-9aqdU-w,364
aMN80DrgGyk--Nf2Du9M9Q,37
aSbnrqpX-CHr8nxHhaCHZw,391
aTtjRs8__0RhjYixSotPlw,118
aUk7jm9b_emj-TJvOiy3tw,4
aXMmYne0RqnzYMLZdXOZHg,145
aY2LQyzspzj6-3YwosaeNA,1983
a_AAPWMGJY6Tw2QM5s39yw,237
abLTikEFpfJRthT6Azii0Q,126
ae7LXAmld7WALSfwKu-4EQ,16
ag81k9yreT06XgwDue0Jvg,36
apH-zpPZLpr6PTZ84vzklw,131
apeOl8XYQqnvoee7S2pHlQ,275
axGqLJ9UWb7P4sBXafOeeA,152
ayXg6cR2_xCF-YZi6VJWQA,508
b29LJ5U1SQ1hMRV-v1zq-g,24
b6iApmuMrVsIeAzOwpuj3Q,357
b76QTJmYZCjrFyuGFTZbnQ,446
bBzdrwVyGrdRwk4izd2rKg,1031
bEbLwLpJauEG-HW0w_0IKw,447
bHrqDfgIhApNQmTXK6JKwQ,1569
bJNtH_4r9t9kFvbaHZGjrQ,278
bOnsvrz1VkbrZM1jVUZ7pQ,56
bXwZ86LHDjW2iEAQcPPDtQ,3162
biey89DPbXAQCVdc4iR3pA,922
bozvcy7kl2kJ2mBdKVxyUg,282
bpgbVPJcG-wQ4cNBcPPIxw,669
byp1risG-AOdqmTTfz9IpQ,8
c2uo0MbWD1TTIgEKgyZ7Cw,62
c5kmd_wk7gOdDsV4BcplTQ,65
c8YOUQ1Lz645fopLMNEAnw,591
cAlMaFUIkiDfLzrXg4rOcQ,161
cAmd-fttNSq-8zgreIy2YQ,2066
cBpaZXXDu0kPOVApa6iNxQ,275
cQK407Dkqyi9pf4Bqtum0w,159
cUq0vlikOYv2b4JylfZKYA,62
cbYg7DgZq-wi_dEOxttHPA,34
cf-J2rZQyklNDFuTEeCIMw,736
cr8DlB2ErR898Nhen_0oSA,384
d-5gWThyELEJZdFKUx5Pzg,652
d3rfsXGWtS7fpGsYfy_C7Q,53
d9KVQtr4S2nTVHWosST7GA,858
dE9YaRaUtkDm-xJrW3BSPg,2397
dIIKEfOgo0KqUfGQvGikPg,4433
dLVzcRWzuPCesPOfMgEltQ,37
dLWDy4yzVzMQuhjoEcRO0g,238
dR9OiTIjuzvDdoqjuulKrw,598
dSMg4_-uJ3yzpP5SNOCAmA,41
dTTFAM66wF5_b_ANM8rEHA,157
dTygUzSCtWCWIC29PPFvqQ,139
dWgVNx3_hXq-J4qkhENnfA,5
d_dFBGoIHITnQN06A3tvgg,283
dfYNTBw--CYlZbFz581kYQ,2470
dhY4mk9sdBh3XfHoBDYjcg,12
djxnI8Ux8ZYQJhiOQkrRhA,4882
dpEtyfB2o7MH1Mc_Ygoolg,658
duFP2mFpWc-qc21T5XKvNg,542
eA32f7Yx-iV86LGHjwPw-A,81
eBpOz50CcHkDeAlYZ8vIGg,6
eD5m-lgWBWQWKll8birvkA,187
eHG4IBqiD_zszHzTnfiJPg,24
eK6FpEPv2urKpEjWwR45QQ,74
eSyyWbod1A9Ong9ZiU-02g,41
eUmVXP9UnoWtz9NSBwY4jA,935
eZZGotIUjs__TCvp-Wr5YA,61
eeI4DVW43NLBlo6nFkcANw,349
ehgLycOK6qKj-CT9B36_oQ,138
elMyj-LCL1uCvr09TutqNA,392
enU97dN2orwhzejbP4ozlQ,22
eqlbSTcwp4HHFYseeR3tTw,192
f-8BKEVPqiqRaNNmhjAU8Q,146
f5O5Iv_AyetQafldQ5PAwg,216
fAhk1Uv7D2biuA0ROGrqJw,162
fG-K5NglgWxHg8PNu62afg,467
fGRkUvCUQ-oUTr8Z218aSQ,301
fJ3jdm46VWr_8byglHpQFA,49
fQVeATRtU06PpqyPtvMIwA,75
fQq-PBKARvUGfBnmch9Dqg,4999
fYgsyfC1uF2bS0tputqxlw,97
fccMIyBd6ZhFUVAhvSqsrw,432
ffuPAEjnAGml7o0bNRvWSQ,90
fknYhnnKSXzB1F81Mt5BBg,64
fnc7qZvy0yEilxVpxJ4OSw,153
fs2MJE68CvW249lwoggWEw,2
fyyl2WE4MV2VoTYjpVW-wQ,751
g1P3KlkiA3MUwt4Pvm0SXA,19
g1SyXCiArD2k0hSnKuKg4A,234
gAmmEZLSdj5KXvOlPUQRfQ,80
gCp21sfvL6HnQOvapeV7sw,37
gErbUpl5qRdwjqwDz0iWDw,73
gH3JDpHQfVcMEGaAaCJPjA,473
gKhdV3fhEDcAniBFLc7vtA,61
gZuY6f0HTxq2_zyww3196g,808
gf4tyQgQOtVMkOdvveRHVA,313
gfWpE5-7k4aPDAoIjyBxtA,3
glGQtFerVe3UYhnUml6S9w,13
gqx5CCQHBzlUAq5d9oZgIw,1
gru76BjkRY6UQVcw_yAxiQ,443
gxVQZJVeKBUk7jEhSyqv-A,361
h0Jn9rkacf3tGw5BeZMHWA,212
hE9FCBh0BPd2hEhTMNFp3A,1802
hKJqd_8jzqZ1y17ZQsK_GQ,303
hMnVzdUPwloQ2OomQbrY_Q,81
hNIBq7eRAoEEN0_hQvG-hw,222
hQW_cujPeHf_7HZgvNS1PQ,121
hWuu3XSovcQSitwAUFRDHw,323
hYakw3S-AD075uUixm1xew,60
hddbff7JsR4Wb273XmE4NQ,357
hf27xTME3EiCp6NL6VtWZQ,484
hherGYlklmE-vyRUmYNPPw,19
hqOPEJh4RHdTLsGn3tXWOg,7
hwIOiNlfPf-jxCe8Cb_v3A,68
hyfurO25SIIAiK7NYDNDDw,272
i08JAic75yXlq4r2iiN4Iw,509
i0dKXkr4OvE2ERjRPomc4w,50
i4tdAvYzezhRsH_WtVmDSg,364
i6pCe_ObrsIniB8n1Dp9pA,1071
i7lEtGBHmUJNXt6pTtjxYg,200
i8ghQirFCCMWvYdW_YdbbA,220
iB9PLopL4ASHTAx_62o05w,1111
iCBpVvOv9vtuVJ3uwYBhKQ,26
iCnEsWkoAkda5aunpXm1iw,139
iJmo518OEAG_b9OX01p7PA,99
iLTIV9oD4DgPJ-7Jy1Jltw,407
iL_CR-WQnveqrff9LecqAQ,357
iN7T3vQoC3v_MPs2TzH5Zw,194
iRgghRapQ-tdw4NndgfHjw,172
iT1li5FhUudWmviBMMdS7w,1319
iXoB6H0Dz_jkdZcDjtJLyw,132
ia3kezgvnboBaiv13WUuhA,254
icLb4FzbQDMu9N9YIu3jmA,1055
id7loEpkjZgRGBUhwxo5tg,21
idusP28BprBfs8b69UBzng,16
ieu7-4vxZaocwGtCi4dZMQ,119
igll2PdsMvQHzJhzttrx1A,709
ij1EkydgfT0fopex9SpKLA,919
ijKZERw9JxaxYMYrEfY-Sw,1473
isIR2lxazdWQn6it8f890g,72
ixxfMzn3-vBRgG10ofwLgw,232
j1981ubRRPjeRTx9UkMJ5g,617
j3MBGSLaXMlhLZNeALWMJg,175
j6XPqq2ONWI-0Hu_BvyypQ,102
j7whUEP6ynT6vUglXWiS4g,96
jOfPF-uvi1LH61DQq8f5xg,47
jPhjJnQ2_3_-tu__KTQZlA,612
jZR83eAD3eMYvQ1lMooMdA,75
jZf1asGLYQ0hnmm1TktIqA,130
jei-GOFwQ44ZYJQiyuLLtQ,350
jfGevhcYLxY13Fa3drpzoA,38
jhP3iodoH2-SBIXudjwVig,94
jipgimnSNp3qdK2dKUQvBg,1480
jjj-rTey-q2XN1oRNHpD7A,71
jmhAZXgDDeuPMyxrnBA77g,38
jqJMZO-kXWdZ-oghWGZ35w,90
jrMxBHW3SlUGVGYWvPsHWA,4968
jt2YLyu8BdscMI5EuVRR6Q,48
jwfOpCgeob0itikBIfPi2Q,173
jx-HK4JWjj2t8zRynhQ4AQ,15
jxEqAhpWM3zFMoOwOhE77Q,1265
jy_RGAeAvNeCv5BxZsUWFA,1382
jyz8-hAPGRjurBVp9DST9A,363
jzSQHqViGjdB4MJDqNISEA,47
k2GbbJ3hiQHWRuslVdgTQw,5
kAm_eXU9kewItG_cJ7SbyQ,454
kCVPl2RumlSgSDx9PMfXDA,228
kDovgmx1UGLiC8AY3Ou02Q,8
kFtpOzWygqAENd6oKrkefw,678
kNUur90d791BJmeLBrjHfA,49
kOHRD1xD6iYVq4T72xa8OA,84
kOUzW4porPxN0n54Z0eHMQ,1426
kP3_daaPvUeLxbr4ZOynXQ,263
kWyce8QGI9s5WfaxjL_Pmw,143
kY-UJ6lLAGCHATRm_4VAwQ,534
k_E0KQ8WliX0sfIZns8Zsw,44
kcpEgFvkzpjoncNazqBtdw,318
kiles73Q8nqTUZMmfjtBpQ,18
kkkt2NvWRcCqbkhlgtAKpg,515
kofiqkPOeo1loQHsVbxQXg,1578
kqlcHEXLXpLORyA9IEWX2A,197
kvxaxwEaniZY90Nam-jJlg,9
kxGmX1lBXJAv-4mI_QduWg,733
kxXRV5vtgpe60jkGwt3CfA,181
l-C8hPeB_X3Zf6pSFIReeQ,1065
l1SrQ3AyF3zKu4nxQ6Cbag,66
l7XNsOwrhFbO84iwxg0XvA,231
l9iWpkc9GFk60vWuDzER3Q,1388
lDl5dxpyAc5lOyASjf0j4g,372
lGj7s42BJx_Xg7ZgaO_dmA,1675
lKT4U1-Nz0g5kMcKSiSk6w,904
lR-MJLVaQJwUzwUCOiF1JA,231
lTZ6MTSI4wqG1lj3xFNzFg,71
laeKMqUrOpz0ZT5uBGAG1A,22
lco3gaENgH96r-_EH2Uk3w,4
loXavxKqdcIgrQeX1GSWUw,360
lrdh2ZzYegIW5cxLA6paAA,71
lvCvnVjWT34ZfjF3tSa_eQ,66
lyXKQHqjaYhPp7rckfLwKQ,433
lyyUQ0-T9kWiaWIMEW-2yA,408
lzQLHoJdaMNwiNt76wrc4g,94
m09QQLjmrqKKSUDgBPBZOA,7
m4LS4mkSIX9LTaMPst4UBg,140
m5cBT7OYfn0HM0d-RCsdZQ,1767
m6XH4k_E2ZP5JbThnS7Uew,42
mFIMRcOzH2oWLMDHY7sTeg,55
mIysRk_cJ5K_BMZ-r06TFw,112
mV4lknblF-zOKSF8nlGqDA,4835
maK3UBQczh33NuDjBYeHrA,336
mbp_UmBlhCeJXAqxoK6foA,435
mgE3Em0bbFewVaMrADoEHw,166
mgytZAasaiBf-END4aZD9w,2132
mkBmyzslhtWNplDjbTcMsA,232
mlbTOO7ZXb4uZR5lCgj_uQ,89
mo7HERG4KXdl4fDA9hVf8w,272
moj7DUHkP4j9yfwFm-oOHQ,56
mrO2R1Uc_DmKKEtH2VTNDg,5000
mt13qyT-kfh2xQmYmOglyw,784
mvK1pv-x0Z5rP4Hz9cWBWw,3081
n-eYeIpSTiKhoDeubO1mmA,603
n95OvLHfD_lm8DT5fIazzw,779
nFDoYU4qOoYz9GYhu0-a2Q,72
nHoV323Fh7ZHSgXuNbDxkw,878
nJ6_4VXENum3Uuuf-jifjg,323
nNnMJSWB7Ud29HtIf0XJyg,81
nQjofiwon7kPqG4qMsq1cg,131
nXMMoDzXRByQiWH9cf-FAQ,732
ncvgNeEsAIAuMWYFN2blhg,2823
nhIY-kp6FQ4F8nKuf24q5Q,64
nhjd62Jv9oeU0EXxj7_5LA,11
nmqX1cxPOYHwql5e4U9LuA,1999
noYFSPIOkxs0luJbtIlyJA,471
nvHLV4qbwvbKHSCP37xT-w,5000
nwhBcly3mJKHUPMrg0rttw,388
nxWrhF_hyX0wwjrEkQX8uQ,2640
o3XBMn3b0KUg97qJ5-Q8aA,734
o3Zv4AolGeRr-xX7QhESUg,2250
o4gaI4EdzxJ9Al4houpusw,175
o7-03yvENTyd8CnynKxkBg,1510
o9A1IJxx0W8jqonOUHpFZA,1148
o9DYSlFm9pQwiurVs8U5ig,237
o9L4Ql0ma35DOKwWIV2Pyw,138
oFNrutUnH52gaDi4ax0WXA,217
oGBR461l8FR30W9MIXLuxw,15
oLBL8eJhU5XHGvckGFNXLA,57
oOOE4km4K5ocInPIJiXPxg,254
oWd7wL340Z9JiGf5Wu_bSQ,792
oWgQyxzrodAs6dkiO-okhw,14
oWl1LUOF8fdIHls7Y-sUVg,479
oYWILlXqqbUd5M6AyhQ2Yw,578
o_8sVoYIFnoVun5YY_lAEg,4970
o_USWv_qmVEDXnzGt5HDWg,408
oak8pBgramHgXKCSeDKcRg,142
ofRDkc3-UxpKOnKL8NQkGA,1571
oir2nfKZYnFLb2ocTLTBuA,343
ojovtd9c8GIeDiB8e0mq2w,78
opWrQDoY7xHa2ga8AcN0Hw,774
ottOuy7FZtUV2HnBfhVk0w,5000
ouJuVAEPnnEC_zhcrSf5GA,1707
ov65M0yKavU01xe90eKw0A,247
owXby_zGYTNdYzLeI_-p7Q,238
oxLBbtATedO5iPK9FnMp8g,48
oyJhBgQh9q_1TG0Z3EqG1Q,3
oynwoaafdKVxX1PfwWz9wQ,147
ozbdt59SoRZSXDw7Lsc7Ag,8
p1hBWew9iS4OYu_fzsK6MQ,34
p1t2yepyFduurW-z2KwxrQ,112
p4FsOflitbyFKseYi1610Q,197
p50CVT7PYKWU2973q2pp1Q,92
p6nBKyT9Y_pFJ1WxVEowwA,156
pB2iQ46Jr6teLpSdvg6QSw,101
pKn_H1nkgrwJS6TuHODsvQ,129
pMM1oKAIWGPRo-1IawgrDQ,128
pPWhQmwqGJUYTV6esn2ygA,69
pQdIIsbV5dGOVz_kWfMRTw,295
pSysvCl955tfHOcY8Guycg,132
pXmRIkgRXjxmDYrkMFNS6A,74
pXsOJ-TOYqonpfSR1L4nqw,38
p_azadim_uWFOXAhhKB3ag,727
pqr24EaG7KCfuWmRFc8kdQ,460
pryXipIRwl20em6o-FjvIw,26
psH-taCU2ldePAxuxFCJNw,100
ptqxVnQVZ5UQGHi5fB4GNw,179
q-m5ihnO-qHtal5tDGYC5A,2299
q3FNQUEInkEZNU_MWGUmGQ,158
q4Ybo0Lj_E7oRUYmoi6SXg,227
q6xgj7izoqXoTOWE2QyS1w,874
qCyk4dMu5vQ7YpzvWB4yNQ,214
qFQ7gWjXlth3BwWEg-63sw,93
qHW9xd5w_6oFE0sCArFGGw,18
qHbzv9WmGl3ITsxuqL-C4g,827
qHe62_xv6DyripSqnCtHqw,281
qJgae_Bqpwx1qm8-bXA_cA,413
qKalwj15OhR4yV3EfZHWZA,87
qO3BLn-zmyjj8dedMsfOMw,679
qVBQucop3Y4NQzxeF0kaLA,674
qVc8ODYU5SZjKXVBgXdI7w,13804
qiTy11I-yp6foxIghRfGOA,453
qibGLHABNReGeJr2w4_8yQ,389
ql5SIL7ITTmW-PwXYfpWpg,249
qlcyM3BxqbGSRrB5j4DS-g,50
qojyEqPWiipM6Fqw0nb2Ug,580
qp7ex1gJQvpfFfSzzz3uQw,918
qpyFJBwzZHmMJrfjmK0tzQ,71
qrIfFQDLLCiN7R6Ml3ohRg,53
qu2PjfqHEmLx0hXDzlEqLw,106
qzRHQKy7MVYO8-fWQU81dA,160
r0yj7wRAs4mNSgp_OvvstA,181
r6lKQ7WZk2TleCF75vrFAg,649
rDTr5r0xEMpQpkPphe66KQ,224
rGR4SBRMnYhWQEJIoHhmwA,22
rJ07Fq4BvExnjnzMuGPA3g,409
rKOVduk_kQpoIiom5lbBAQ,557
rMsB82tk9uOB6JumPMgczg,1804
rPJbjfn29W3vhOS4kc-0bQ,197
rWYk_OcOSNQVgff0-u6aYA,131
r_lPhnACcuK0PX14fVap9w,13
re3AdczLFP4D7xwI6DkBNA,423
ryQzhVKN-LwrtQ92DEdvRw,144
s1vWP7Ui5Ew46JphbCasUA,109
s3M9vUXbmzCGmSbW-HlzIQ,175
s81VRLqYFEpXPIQtGx2mnw,874
s85ov2JmELYoW2lwwmkVUg,549
sDSkWT_1l8mvAgQEdgAW6Q,55
sFRnh5U0bfTe8Ox8PygjHg,536
sMKmNrXC9yo8g8Rtc-intw,87
sMPNFm9hBVT-dhOdUcod5Q,224
sOqP1_epXTGBV9uQ9Gx8Bw,228
sQAlr74jeSbaLVeeETrweA,95
scu1qTGz6xsVKgW_-0Gmjw,1105
sd5avSlfXix6Xvgt8ebAAQ,31
se9hHERckOiFG3lF9duHfQ,370
seSrMWaUaFMhXZ-w9V8h8Q,101
sefCeZTDQA4tJALyWdn59Q,69
sf7EdYkUPNSrK-DjV9xWvA,160
sgTNHoh04BaPE3xMVpFCDQ,298
shTVQJhu-NftZfRTUxYxrg,327
sqOlAPxSoQdwgfdpTvESxQ,52
sr7s9sixncR8Vqyf7Ia4Cg,99
sys6XtOZVLDzwn3qistBKw,3070
t13c9XbT7rpa3oAYhtUo3g,692
t4Rl6SRZJkgWJfyXQ98mlg,22
t8a4wTKqHjF6b_6VqBfr8A,243
t8y1B5tjlOzZPeP37Mv3AA,1617
tAw16nAiAcAm8V7H1dQ2eg,157
tB7CsUcfol1UNrjymXRPAQ,15
tFTU5yWOCQLqJMs2YhAaFQ,256
tHjAg9Fy3TUB564rKBn0bw,911
tJ1qdNdG0tZywbgH9uw9qw,827
tK9huuFadujle86W7hDo5w,69
tPkLnxOGKZM99uv00_gLVQ,58
tScgzC_Zt3-5rViXNLWacQ,202
tT2Y1ktmAVfbHG9_xvUG_A,97
tXVCCVjyDy6nvj-EILbmEg,1084
tYBnoUfr4x0tpXECgCB2xg,564
tZW7xGApgEA4UZep80RaXA,18
tipQmXdg181T4NvxrXPjFg,2606
tj8m7zZfQiKtu3f1C1grTQ,16
tuXEsjHFhjVNSWgdufiBwg,195
u0JoB0Vm1ZhwF8nysxPnfg,444
u2A3CwdsrkwoNyIHIB2evw,111
u3GQWTnOsnraE7jWRuZkvQ,21
uAa2Hu6XtuUPxX_B3uS8Aw,848
uAapRZ-gDC0rro72iaKcaQ,20
uF5V6WYHa38TJU9LFQyjFQ,218
uIq8aAk0KHdVWLM25w-fuQ,59
uNwscdQ1ltFzZ9B6wk944A,806
uT-dE6exdthrLJ8LX3eJAQ,277
uUWuH2HH5WnrBFvzFsXgGA,29
uZ6KzRBrevGKstZviTQeBw,63
u_1EIg-c3d8XYfrmcdHX3w,2
u_YhKKyqxzNLvoamnBtv5Q,202
ubrX8nguQJt79mBjI5-hig,87
ucAN8VJoiA-_ysMCgZev1w,5000
ueClFWN0WePrtUSayd2FaA,797
uf0dzFyon-QzorhDf1vKjQ,61
ufvUhtj_lymNggh6emctHA,177
ui3TKCWDPPKuc9zim2XXWA,59
uiZMpQSqJ4GA9PGv2iJpAg,8
ulHOy7QdKUvJMYLOmYhsEw,207
uluHjQdwAlwzeJgsKvh-MA,236
unO1Py4QD_Pjo7guhRB6gQ,806
upCM15Y3YQoWNc7UXo_QhQ,43
uyQrbIcvT-aEjJkX5J9izw,47
v-gCiEr8vr9JnMkkR5Uq_A,116
v0O7miDEH4XX2diEr7ij2w,1252
v10dHdqf42tUkxbYVnFW6w,647
v39PDXPxkzY_Ac_EXrw-hA,8
v9ZmS-yAKQBNF8DHkICQ_Q,298
vDVbYhBZV1SVF3Atl44WTA,461
vEAEWoq2ySjCUbXAQYkKHQ,210
vEq8MOZh0isEZudnjnBcxg,9
vUJifO7ucaPSQR9bo4nemQ,2
vea-aTnA3NHU2fwwr1VKNg,50
vjpRR9_Elrz4bli35gCq7w,293
vlj9tyBXTcrNkvNvhEHBuw,690
vq6bB7vxk1lzOgqcv5hlmA,151
vtw7CZwn5Kb8i8ZmTD8Uxg,5
vuTW8QLOjDGyEysZ-xK-JQ,118
vucdcXAh4tMgnjDRrK8JNQ,584
vvZtVIsBW9RdH9ORGM8msA,26
w-pGm1MfyHRvbL1x5NxiMA,68
w0bBKqlo5JJeq2Ia0CRpmw,123
w1TjcJ6itK7LC_IY61NQIQ,325
w5D3YHeYFBh-pqR3pYaO7Q,91
w62s4HjFp_JW94c9dIfb4Q,491
w8yoASmlp6RSaZkFD38M1Q,1241
w9HnbaXDHjGv4OhQqlveqQ,95
wHQNO0iq-RewtzB6uoDTBg,192
wHUDJjQHl9TsNXgmKZIOFw,92
wIlu9IkKGZKj2TaxKoQO5w,444
wJ7HE2Is8UyFAgBIcHgqqQ,811
wLFb2v0UFbDfeokx2m8Xdw,21
wOqnaheGYInXStdAW9jV3w,216
wS-fUukscRXhuOt-AOqv3Q,1
wZ13br0UIvwn_txbZ1vRvg,577
wf9a0Gi7MpWNtsyCJgkxIw,150
wgbWK_zmqwcD0lCYPFsXAA,27
wl4GmvXhFsNjhbn8BOBaNg,620
wlm47rodkFPqQjLrIkK4Cw,12
wr4-JL9RmopZ3KFaTccrPQ,93
wrAvIgzoRHsLZddGlWVuKQ,238
wrq2U1lDLMjDjbEV8kdPhQ,30
wsc6EkWfDnru6vmS3e5OnQ,797
wt4SUXgFgUYi_XIKTcVULg,154
wt5SrsHKgVt5TFQNbJ2XxA,101
wtKdt9mbZ5w_7jcE0Lk9Mw,425
wxeTtPILiMl1L-yBB-D2HA,197
x07A9eh05FHaF6NIXizdpQ,41
x3i9lXHhhKZ5JedV8Sj3nw,31
x9ssZtcWGg-p1sAfIw-9bw,176
xDJRriqJAPDap3E2scDRJw,237
xGo3h_mwZysZubQYwpl2lw,286
xLSTszQHVefHmgVKD0hStg,4357
xMKpXNaicvI-BgSA69yp9A,477
xPyQ-UXX853mhtVHPrGNKQ,69
xR4engcg6Vm8xToBgKI5FA,141
xUT215GPQ_Qhw4_h2hoq5Q,237
xUiORd9r8sPX5y1WioeT-w,160
xVhlqnByhHBYKsHMnX1KrA,22
xXDYa_irvrCYyavLS7-nuw,65
xaK7JRbicw8m6bn8ZjY2LQ,135
xceJT1G2Yhel3W2lRxRTDA,476
xfTVA2SXXbbOvOO97-xIxg,31
xo0VYNkeBAycezI0u26r3w,155
xodxHGXraLyVZYSx05ss_g,25
xovKY9oB8s-NjKz_I1RpHQ,122
xr8qaeGamPFwoVNq15aAsQ,85
xrnWY-KHx8O4Gh01JIQ7PA,527
xvX8I_kUrnRW_p1fmfHP4g,113
yH3Jyu5vRTAJ8uMAD2bLGQ,209
yLW8OrR8Ns4X1oXJmkKYgg,5000
yLzWbhcZrmGpldsKNf2HyQ,19
yPFm7iXFht7J-hZfhSyMpg,64
yR731OlfuI4585U4_HhHlg,91
yc43B6WH7tDbXfX3mOhrHQ,423
ygn1QWGOyJPbfDo5Nekk9Q,40
yhwIY6V-MvG7RaZYK0tRCw,84
ykY7aVvXlNgKpnbNjhUciA,22
yks-zWhYKVV-S_luTu3dNQ,114
ymXi2Kn5t-Xg29-ufLoYEg,93
yrSbNu7sbRo6ZNAPruyJqA,127
ysmRNY3_0dv5HovV1lIbtA,11
yv9Lf8YDpVgIvnmD7qJKPQ,994
yxb7B2qAEu6A3IOqd9WZKg,250
yyHSN0OciIA5djwIbHs8gw,148
z1fqXdnReV36xk_5tVtHEw,366
z4eQURQIp5pxqwjhzq0rvQ,39
zFYs8gSUYDvXkb6O7YkRkw,1522
zJt2T50As1GdA80btgkWNw,193
zJygxL75GiyO99GYqT9kjQ,34
zKjnzaHojLBSXndsW-_W5Q,1292
zNaDJXGjGro-kwu37h4e3A,530
zOxFYwqq8Iwhsqm_jm016A,407
zRHhM4kAdVYPoi5dwApTVA,309
zVEAmJksj599_M58ckXpHQ,6
zYlWU63r_ClUxq4yWEhdsw,28
zjwO_sICRWDAca3d1mMxmw,116
zmINlnFtqSZt_L2vLP48Fw,16
zqWlowGG9g5ulaxqYVwyzw,7
zwo4S612wfakZodLQ8aMIQ,95
zx6gq8IslnAwCyCUztXn1A,169
zxJURH_sLo5RXiEjNhXgYw,105
zy4NqQpPWNRftutQEhVb1g,442